City_ID,City,Lat,Lng,Max Temp,Humidity,Cloudiness,Wind Speed,Country,Date
0,Kenai,60.5544,-151.2583,39.15,54,100,18.41,US,2022-10-12 23:17:11
1,Bathsheba,13.2167,-59.5167,83.01,78,40,12.66,BB,2022-10-12 23:17:11
2,Kushima,31.4583,131.2333,70.32,74,79,14.72,JP,2022-10-12 23:17:12
3,Zhangzhou,24.5133,117.6556,73.33,72,14,2.26,CN,2022-10-12 23:17:12
4,Ketchikan,55.3422,-131.6461,55.87,76,100,6.91,US,2022-10-12 23:17:12
5,Codrington,-38.2667,141.9667,52.02,96,100,7.09,AU,2022-10-12 23:17:13
6,Busselton,-33.65,115.3333,49.71,72,22,2.8,AU,2022-10-12 23:17:13
7,Qaanaaq,77.484,-69.3632,6.93,63,9,8.05,GL,2022-10-12 23:17:14
8,Victoria,22.2855,114.1577,78.24,55,15,18.99,HK,2022-10-12 23:17:14
9,Vaini,-21.2,-175.2,77.16,78,40,9.22,TO,2022-10-12 23:17:14
10,Miri,4.4148,114.0089,77.14,88,40,9.22,MY,2022-10-12 23:17:15
11,Geraldton,-28.7667,114.6,54.01,66,0,9.22,AU,2022-10-12 23:17:15
12,Azuaga,38.2667,-5.6833,64.96,59,0,4.74,ES,2022-10-12 23:17:16
13,Ushuaia,-54.8,-68.3,33.46,100,100,28.77,AR,2022-10-12 23:15:13
14,Mataura,-46.1927,168.8643,51.1,53,99,2.06,NZ,2022-10-12 23:17:16
15,New Norfolk,-42.7826,147.0587,60.93,71,100,1.99,AU,2022-10-12 23:17:17
16,Ferme-Neuve,46.7001,-75.4493,52.47,80,100,4.76,CA,2022-10-12 23:17:17
17,Albany,42.6001,-73.9662,63.01,64,100,1.01,US,2022-10-12 23:17:17
18,Gamba,-2.65,10.0,76.39,91,93,6.62,GA,2022-10-12 23:17:18
19,Hermanus,-34.4187,19.2345,64.8,91,100,5.46,ZA,2022-10-12 23:17:18
20,Igrim,63.1906,64.4162,39.54,92,96,6.24,RU,2022-10-12 23:17:18
21,Kilindoni,-7.9139,39.6668,75.47,72,1,13.35,TZ,2022-10-12 23:17:19
22,Cape Town,-33.9258,18.4232,63.88,87,75,12.66,ZA,2022-10-12 23:17:19
23,Rikitea,-23.1203,-134.9692,68.61,64,0,15.46,PF,2022-10-12 23:17:20
24,Saldanha,-33.0117,17.9442,59.52,90,58,16.35,ZA,2022-10-12 23:17:20
25,Kaitangata,-46.2817,169.8464,51.58,54,95,5.23,NZ,2022-10-12 23:17:20
26,Kavaratti,10.5669,72.642,80.85,76,64,9.13,IN,2022-10-12 23:17:21
27,Aklavik,68.2191,-135.0107,26.92,79,45,2.04,CA,2022-10-12 23:17:21
28,Tuktoyaktuk,69.4541,-133.0374,30.2,69,40,10.36,CA,2022-10-12 23:17:21
29,Batagay-Alyta,67.8006,130.4114,1.38,84,87,3.18,RU,2022-10-12 23:17:22
30,Louga,58.7372,29.8453,38.48,90,15,4.63,RU,2022-10-12 23:17:22
31,Darab,28.7519,54.5444,71.2,34,0,4.12,IR,2022-10-12 23:17:23
32,Faanui,-16.4833,-151.75,78.49,76,14,12.71,PF,2022-10-12 23:17:23
33,Tasiilaq,65.6145,-37.6368,30.36,94,100,3.89,GL,2022-10-12 23:17:23
34,Punta Arenas,-53.15,-70.9167,39.11,75,40,27.63,CL,2022-10-12 23:16:11
35,Necochea,-38.5473,-58.7368,53.71,63,66,2.64,AR,2022-10-12 23:17:24
36,Yulara,-25.2406,130.9889,51.19,69,100,16.2,AU,2022-10-12 23:17:24
37,East London,-33.0153,27.9116,68.72,89,100,13.8,ZA,2022-10-12 23:17:24
38,Tuy Hoa,13.0833,109.3,75.29,88,90,9.55,VN,2022-10-12 23:17:25
39,Calbuco,-41.768,-73.1273,47.41,54,95,12.84,CL,2022-10-12 23:17:25
40,Richards Bay,-28.783,32.0377,72.73,84,92,10.16,ZA,2022-10-12 23:15:44
41,Bluff,-46.6,168.3333,49.08,59,99,3.62,NZ,2022-10-12 23:17:26
42,Garden City,42.3256,-83.331,71.85,57,100,16.11,US,2022-10-12 23:17:26
43,Olinda,-8.0089,-34.8553,78.53,69,40,12.66,BR,2022-10-12 23:17:26
44,Bindura,-17.3019,31.3306,62.62,39,0,3.65,ZW,2022-10-12 23:17:27
45,Lavrentiya,65.5833,-171.0,27.81,52,24,3.71,RU,2022-10-12 23:17:28
46,Maputo,-25.9653,32.5892,74.88,88,40,3.44,MZ,2022-10-12 23:17:28
47,Mount Isa,-20.7333,139.5,91.17,35,1,6.91,AU,2022-10-12 23:17:29
48,Harlingen,26.1906,-97.6961,89.69,73,0,13.8,US,2022-10-12 23:14:49
49,Esperance,-33.8667,121.9,54.48,66,99,15.82,AU,2022-10-12 23:17:29
50,Anastasiyevskaya,45.2158,37.8926,41.49,74,34,2.13,RU,2022-10-12 23:17:29
51,Matelica,43.2541,13.0106,61.65,83,100,0.89,IT,2022-10-12 23:17:30
52,Saskylakh,71.9167,114.0833,19.72,97,98,3.47,RU,2022-10-12 23:17:30
53,Kavieng,-2.5744,150.7967,83.19,71,100,8.21,PG,2022-10-12 23:17:30
54,Dukat,62.55,155.55,12.92,74,100,2.13,RU,2022-10-12 23:17:31
55,Atuona,-9.8,-139.0333,77.41,76,59,19.46,PF,2022-10-12 23:17:31
56,Port Alfred,-33.5906,26.891,67.17,93,100,4.0,ZA,2022-10-12 23:17:31
57,Bilma,18.6853,12.9164,83.62,16,0,6.33,NE,2022-10-12 23:17:32
58,Salalah,17.0151,54.0924,77.09,78,75,2.3,OM,2022-10-12 23:17:32
59,Zhukovo,55.0318,36.744,43.32,77,89,3.71,RU,2022-10-12 23:17:33
60,Lebu,-37.6167,-73.65,50.09,83,28,16.08,CL,2022-10-12 23:17:33
61,Naze,28.3667,129.4833,77.92,77,70,21.7,JP,2022-10-12 23:17:33
62,Azul,-36.777,-59.8585,68.34,21,95,14.52,AR,2022-10-12 23:17:34
63,Khatanga,71.9667,102.5,28.47,98,100,5.88,RU,2022-10-12 23:17:34
64,Port Elizabeth,-33.918,25.5701,67.32,96,20,10.36,ZA,2022-10-12 23:17:34
65,Qasigiannguit,68.8193,-51.1922,26.85,93,95,5.21,GL,2022-10-12 23:17:35
66,Portobelo,9.55,-79.65,79.95,83,98,4.07,PA,2022-10-12 23:17:35
67,Poum,-20.2333,164.0167,76.28,71,1,15.7,NC,2022-10-12 23:17:35
68,Nome,64.5011,-165.4064,35.67,69,100,5.75,US,2022-10-12 23:17:36
69,Leningradskiy,69.3833,178.4167,17.83,76,43,7.29,RU,2022-10-12 23:17:36
70,Carutapera,-1.195,-46.02,79.57,80,100,8.63,BR,2022-10-12 23:17:36
71,Hilo,19.7297,-155.09,89.28,67,20,11.5,US,2022-10-12 23:17:37
72,Methoni,36.8197,21.7049,67.21,75,2,3.11,GR,2022-10-12 23:17:37
73,Jamestown,42.097,-79.2353,67.59,57,100,8.05,US,2022-10-12 23:15:25
74,Sibolga,1.7427,98.7792,74.95,84,100,3.09,ID,2022-10-12 23:17:38
75,Baglan,36.1307,68.7083,57.49,21,0,1.86,AF,2022-10-12 23:17:38
76,Dhankuta,26.9833,87.3333,59.31,91,8,5.39,NP,2022-10-12 23:17:38
77,Planeta Rica,8.4147,-75.5883,77.18,92,100,9.24,CO,2022-10-12 23:17:39
78,Ishigaki,24.3448,124.1572,78.93,78,75,21.85,JP,2022-10-12 23:17:39
79,Chuy,-33.6971,-53.4616,57.74,71,0,7.11,UY,2022-10-12 23:17:39
80,Santarem,-2.4431,-54.7083,83.61,58,73,2.19,BR,2022-10-12 23:17:40
81,Hellvik,59.9156,5.781,51.01,83,100,9.71,NO,2022-10-12 23:17:40
82,Wanning,18.8003,110.3967,69.31,76,79,10.56,CN,2022-10-12 23:17:40
83,Barrow,71.2906,-156.7887,30.22,69,75,16.11,US,2022-10-12 23:17:41
84,Axim,4.8699,-2.2405,76.57,88,24,6.67,GH,2022-10-12 23:17:41
85,Hamilton,39.1834,-84.5333,75.43,67,75,11.5,US,2022-10-12 23:13:49
86,Saint-Louis,16.3333,-15.0,90.95,40,100,10.92,SN,2022-10-12 23:17:42
87,Mon,26.75,95.1,66.38,99,86,2.01,IN,2022-10-12 23:17:42
88,Puerto Escondido,15.85,-97.0667,83.23,54,75,5.75,MX,2022-10-12 23:17:42
89,Pangnirtung,66.1451,-65.7125,16.5,75,3,4.18,CA,2022-10-12 23:17:43
90,Kununurra,-15.7667,128.7333,82.38,83,30,2.3,AU,2022-10-12 23:17:43
91,Kathu,7.9178,98.3332,84.74,84,88,7.38,TH,2022-10-12 23:17:43
92,Khunti,23.0833,85.2833,71.71,93,95,4.52,IN,2022-10-12 23:17:44
93,Kapaa,22.0752,-159.319,85.98,90,100,9.22,US,2022-10-12 23:17:45
94,Butaritari,3.0707,172.7902,82.13,77,49,22.66,KI,2022-10-12 23:17:45
95,Banjar,-8.19,114.9675,77.54,85,87,6.89,ID,2022-10-12 23:17:46
96,Westport,41.1415,-73.3579,62.91,76,0,8.99,US,2022-10-12 23:15:56
97,Ribeira Grande,38.5167,-28.7,71.78,81,8,3.0,PT,2022-10-12 23:17:46
98,Cabo San Lucas,22.8909,-109.9124,88.61,58,0,10.36,MX,2022-10-12 23:17:17
99,Saint Anthony,45.0205,-93.218,47.8,73,75,21.85,US,2022-10-12 23:17:47
100,Bambous Virieux,-20.3428,57.7575,71.22,83,75,10.36,MU,2022-10-12 23:17:47
101,Upernavik,72.7868,-56.1549,13.35,79,2,6.44,GL,2022-10-12 23:17:47
102,Tailai,46.3833,123.4,44.64,43,2,7.18,CN,2022-10-12 23:17:48
103,Gondanglegi,-7.7479,112.0132,75.97,86,23,13.56,ID,2022-10-12 23:17:48
104,Saint-Raymond,45.467,-73.6095,64.26,58,100,12.66,CA,2022-10-12 23:17:49
105,Agirish,61.9247,63.0231,36.46,95,88,6.06,RU,2022-10-12 23:17:49
106,Hobart,-42.8794,147.3294,61.27,83,100,21.85,AU,2022-10-12 23:13:00
107,San Quintin,30.4833,-115.95,71.42,72,0,12.93,MX,2022-10-12 23:17:49
108,Arraial Do Cabo,-22.9661,-42.0278,71.2,91,67,4.23,BR,2022-10-12 23:17:50
109,Ilulissat,69.2167,-51.1,26.62,74,100,4.61,GL,2022-10-12 23:17:50
110,Bredasdorp,-34.5322,20.0403,59.49,97,100,1.16,ZA,2022-10-12 23:17:50
111,Vardo,70.3705,31.1107,40.98,75,100,18.41,NO,2022-10-12 23:17:51
112,Hithadhoo,-0.6,73.0833,79.16,81,96,14.41,MV,2022-10-12 23:17:51
113,Saint-Philippe,-21.3585,55.7679,67.59,77,29,10.58,RE,2022-10-12 23:17:51
114,Jeremoabo,-10.075,-38.4808,71.44,67,2,12.53,BR,2022-10-12 23:17:52
115,Moorhead,46.8739,-96.7676,46.98,54,100,21.85,US,2022-10-12 23:17:52
116,Berlevag,70.8578,29.0864,41.0,81,100,17.27,NO,2022-10-12 23:17:52
117,Hongjiang,27.11,109.9956,52.86,53,66,2.42,CN,2022-10-12 23:17:53
118,Dahuk,36.8695,42.994,68.97,28,100,3.91,IQ,2022-10-12 23:17:53
119,Rio Gallegos,-51.6226,-69.2181,39.25,35,40,32.21,AR,2022-10-12 23:17:54
120,Chokurdakh,70.6333,147.9167,2.93,88,47,5.19,RU,2022-10-12 23:17:54
121,Shawinigan,46.5668,-72.7491,55.81,82,100,4.61,CA,2022-10-12 23:17:54
122,Okhotsk,59.3833,143.3,30.16,59,1,11.16,RU,2022-10-12 23:17:55
123,Ponta Do Sol,32.6667,-17.1,72.72,72,45,5.21,PT,2022-10-12 23:17:55
124,Buraydah,26.326,43.975,72.05,15,0,10.25,SA,2022-10-12 23:17:55
125,Beyneu,45.3167,55.2,53.92,76,4,8.55,KZ,2022-10-12 23:17:56
126,Paita,-5.0892,-81.1144,64.2,82,7,18.34,PE,2022-10-12 23:17:56
127,Ostrovnoy,68.0531,39.5131,40.82,83,97,12.68,RU,2022-10-12 23:17:56
128,Dingle,10.9995,122.6711,78.37,88,100,4.61,PH,2022-10-12 23:17:57
129,Airai,-8.9266,125.4092,65.43,75,67,1.81,TL,2022-10-12 23:17:57
130,Georgetown,5.4112,100.3354,79.9,95,20,3.44,MY,2022-10-12 23:17:57
131,Puerto Ayora,-0.7393,-90.3518,67.55,86,87,4.0,EC,2022-10-12 23:17:58
132,Rio Grande,-32.035,-52.0986,59.11,88,0,8.95,BR,2022-10-12 23:17:32
133,Monrovia,6.3005,-10.7969,76.62,84,100,5.39,LR,2022-10-12 23:13:27
134,Banting,2.8167,101.5,75.34,96,99,3.2,MY,2022-10-12 23:17:58
135,Reconquista,-29.15,-59.65,65.37,41,0,5.7,AR,2022-10-12 23:17:59
136,Ourossogui,15.6064,-13.3211,91.8,36,95,8.86,SN,2022-10-12 23:17:59
137,Haines Junction,60.7522,-137.5108,31.95,100,100,5.75,CA,2022-10-12 23:17:59
138,Faya,18.3851,42.4509,59.11,23,34,4.92,SA,2022-10-12 23:18:00
139,Saint George,37.1041,-113.5841,88.43,12,0,4.61,US,2022-10-12 23:18:00
140,Mandalgovi,45.7625,106.2708,35.55,63,0,8.03,MN,2022-10-12 23:18:00
141,Port Hardy,50.6996,-127.4199,53.78,82,0,2.3,CA,2022-10-12 23:18:02
142,Atambua,-9.1061,124.8925,77.74,76,40,2.82,ID,2022-10-12 23:18:02
143,Jaguaruna,-28.615,-49.0256,63.21,93,100,3.29,BR,2022-10-12 23:18:02
144,Longyearbyen,78.2186,15.6401,33.64,75,0,5.75,SJ,2022-10-12 23:18:03
145,Sebastian,35.1668,-94.2669,81.19,29,51,13.47,US,2022-10-12 23:18:03
146,Nemuro,43.3236,145.575,54.84,63,1,2.44,JP,2022-10-12 23:18:04
147,Citta Di Castello,43.4691,12.2305,61.75,90,100,3.69,IT,2022-10-12 23:18:04
148,Clyde River,70.4692,-68.5914,21.43,79,75,13.8,CA,2022-10-12 23:18:04
149,Carnarvon,-24.8667,113.6333,60.73,42,0,18.7,AU,2022-10-12 23:18:05
150,Benghazi,32.1167,20.0667,76.39,53,0,5.66,LY,2022-10-12 23:18:05
151,Waingapu,-9.6567,120.2641,79.05,73,29,5.48,ID,2022-10-12 23:18:06
152,La Joya,18.6667,-99.4667,85.39,69,55,2.77,MX,2022-10-12 23:18:06
153,Ayan,56.45,138.1667,39.54,55,94,2.93,RU,2022-10-12 23:18:06
154,Cidreira,-30.1811,-50.2056,61.43,87,84,7.38,BR,2022-10-12 23:18:07
155,Arequipa,-16.3989,-71.535,57.27,33,0,9.22,PE,2022-10-12 23:15:40
156,Townsville,-19.25,146.8,79.68,57,20,14.97,AU,2022-10-12 23:16:14
157,Todi,42.7799,12.4046,61.41,69,100,2.73,IT,2022-10-12 23:18:07
158,Penzance,50.1186,-5.5371,56.08,85,100,3.56,GB,2022-10-12 23:18:08
159,Grants Pass,42.439,-123.3284,90.36,27,0,0.0,US,2022-10-12 23:15:15
160,Quatre Cocos,-20.2078,57.7625,71.1,77,39,13.11,MU,2022-10-12 23:18:08
161,Yellowknife,62.456,-114.3525,37.56,51,20,18.01,CA,2022-10-12 23:14:08
162,Yarmouth,41.7057,-70.2286,61.27,88,0,6.91,US,2022-10-12 23:18:03
163,Port Hawkesbury,45.6169,-61.3485,53.58,84,0,3.44,CA,2022-10-12 23:18:09
164,Mahebourg,-20.4081,57.7,71.26,83,75,10.36,MU,2022-10-12 23:18:09
165,Aguas Formosas,-17.0822,-40.9358,74.07,60,10,9.26,BR,2022-10-12 23:18:09
166,Cananea,30.95,-110.3,73.85,32,56,0.51,MX,2022-10-12 23:18:10
167,Nabire,-3.3667,135.4833,80.08,80,100,1.9,ID,2022-10-12 23:18:10
168,Uyutne,45.1994,33.3014,53.58,39,32,6.4,UA,2022-10-12 23:18:10
169,Dangriga,16.9692,-88.2321,82.56,79,100,6.62,BZ,2022-10-12 23:18:11
170,Sungaipenuh,-2.0833,101.3833,62.89,98,99,1.03,ID,2022-10-12 23:18:11
171,Zhigansk,66.7697,123.3711,26.08,95,99,14.83,RU,2022-10-12 23:18:11
172,Meulaboh,4.1363,96.1285,75.9,89,62,3.51,ID,2022-10-12 23:18:12
173,Tura,25.5198,90.2201,70.2,98,100,2.24,IN,2022-10-12 23:18:12
174,Novyy Nekouz,57.9029,38.07,42.39,79,94,5.1,RU,2022-10-12 23:18:13
175,Margate,51.3813,1.3862,55.87,83,100,1.99,GB,2022-10-12 23:18:13
176,Komsomolskiy,40.4272,71.7189,54.32,37,0,6.91,UZ,2022-10-12 23:18:13
177,Tolaga Bay,-38.3667,178.3,56.08,86,100,6.85,NZ,2022-10-12 23:18:14
178,Sena Madureira,-9.0656,-68.6569,75.92,86,89,2.98,BR,2022-10-12 23:18:14
179,Montrose,38.4166,-108.2673,59.72,20,0,8.66,US,2022-10-12 23:18:14
180,Kungurtug,50.5994,97.5228,33.26,57,98,2.46,RU,2022-10-12 23:18:15
181,Forest Hills,42.9595,-85.4898,51.93,93,100,9.44,US,2022-10-12 23:18:15
182,Labuan,5.2767,115.2417,80.96,78,20,5.75,MY,2022-10-12 23:18:16
183,Torbay,47.6666,-52.7314,51.28,83,40,6.91,CA,2022-10-12 23:17:54
184,Vaitape,-16.5167,-151.75,78.49,76,13,13.02,PF,2022-10-12 23:18:16
185,Klaksvik,62.2266,-6.589,47.32,71,85,18.14,FO,2022-10-12 23:18:16
186,Severo-Kurilsk,50.6789,156.125,43.57,80,99,36.24,RU,2022-10-12 23:18:18
187,Panaba,21.2833,-88.2667,84.25,65,93,9.19,MX,2022-10-12 23:18:18
188,Hualmay,-11.0964,-77.6139,63.12,80,10,11.41,PE,2022-10-12 23:18:18
189,Pisco,-13.7,-76.2167,62.65,72,0,19.57,PE,2022-10-12 23:18:19
190,Gatesville,31.4352,-97.7439,96.37,21,0,11.83,US,2022-10-12 23:17:53
191,Panguna,-6.3164,155.4848,79.07,68,89,2.35,PG,2022-10-12 23:18:19
192,Port Macquarie,-31.4333,152.9167,68.9,63,99,3.53,AU,2022-10-12 23:15:22
193,Baykit,61.67,96.37,34.21,83,98,7.16,RU,2022-10-12 23:18:20
194,Luderitz,-26.6481,15.1594,66.36,67,97,8.3,NA,2022-10-12 23:18:20
195,Lompoc,34.6391,-120.4579,78.69,82,0,6.91,US,2022-10-12 23:18:17
196,Broome,42.2506,-75.833,63.63,70,0,10.36,US,2022-10-12 23:18:20
197,Raudeberg,61.9875,5.1352,51.96,1,100,20.56,NO,2022-10-12 23:18:21
198,Madimba,-10.4,40.3333,70.93,85,0,5.37,TZ,2022-10-12 23:18:21
199,Dikson,73.5069,80.5464,29.62,73,100,5.53,RU,2022-10-12 23:18:21
200,Vila,42.0304,-8.1588,51.69,89,77,2.53,PT,2022-10-12 23:18:22
201,Hami,42.8,93.45,47.91,55,3,7.67,CN,2022-10-12 23:18:22
202,Grindavik,63.8424,-22.4338,39.67,93,75,8.05,IS,2022-10-12 23:18:22
203,Kahului,20.8947,-156.47,89.62,65,40,8.99,US,2022-10-12 23:18:23
204,Bengkulu,-3.8004,102.2655,73.89,92,100,2.19,ID,2022-10-12 23:18:23
205,Touros,-5.1989,-35.4608,77.86,80,50,17.6,BR,2022-10-12 23:18:24
206,San Patricio,28.017,-97.5169,92.12,58,86,12.55,US,2022-10-12 23:18:24
207,Glubokiy,48.5217,40.3258,44.89,66,0,5.14,RU,2022-10-12 23:18:24
208,Sao Filipe,14.8961,-24.4956,79.61,80,31,4.43,CV,2022-10-12 23:18:25
209,Mar Del Plata,-38.0023,-57.5575,57.22,68,0,5.75,AR,2022-10-12 23:18:25
210,Suntar,62.1444,117.6319,34.77,98,100,9.46,RU,2022-10-12 23:18:25
211,Ghanzi,-21.5667,21.7833,70.68,20,65,7.7,BW,2022-10-12 23:18:26
212,Fairbanks,64.8378,-147.7164,29.08,80,100,8.05,US,2022-10-12 23:17:09
213,Oktyabrskoye,43.0645,44.7417,39.34,87,86,4.47,RU,2022-10-12 23:18:26
214,Saint-Augustin,51.226,-58.6502,42.96,77,100,6.87,CA,2022-10-12 23:18:27
215,Kodiak,57.79,-152.4072,44.11,53,0,20.71,US,2022-10-12 23:18:27
216,Caibarien,22.5206,-79.4669,81.72,83,25,10.4,CU,2022-10-12 23:18:28
217,Saint-Joseph,-21.3667,55.6167,72.46,74,15,10.31,RE,2022-10-12 23:18:28
218,Sao Joao Do Piaui,-8.3581,-42.2467,82.11,33,5,4.56,BR,2022-10-12 23:18:28
219,Vaasa,63.096,21.6158,42.94,93,0,5.75,FI,2022-10-12 23:18:29
220,Paungde,18.4833,95.5,72.73,96,9,4.25,MM,2022-10-12 23:18:29
221,Shaoyang,27.2315,111.4525,54.0,45,16,1.86,CN,2022-10-12 23:18:29
222,Lokachi,50.737,24.6494,42.75,78,2,1.92,UA,2022-10-12 23:18:30
223,Luanda,-8.8368,13.2343,75.27,83,7,7.25,AO,2022-10-12 23:18:30
224,Formosa,-26.1775,-58.1781,67.98,68,0,5.75,AR,2022-10-12 23:18:30
225,Wadi Maliz,36.4681,8.5495,67.66,80,78,4.03,TN,2022-10-12 23:18:31
226,Beringovskiy,63.05,179.3167,32.23,62,75,6.31,RU,2022-10-12 23:18:31
227,Owando,-0.4819,15.8999,70.72,97,100,2.19,CG,2022-10-12 23:18:31
228,Kailua,21.4022,-157.7394,84.43,79,99,3.02,US,2022-10-12 23:18:32
229,Ahipara,-35.1667,173.1667,62.83,62,96,3.24,NZ,2022-10-12 23:18:32
230,Mildura,-34.2,142.15,57.16,100,100,11.5,AU,2022-10-12 23:18:33
231,Constitucion,-35.3333,-72.4167,53.1,78,27,17.36,CL,2022-10-12 23:18:34
232,Guerrero Negro,27.9769,-114.0611,72.79,71,22,15.64,MX,2022-10-12 23:18:34
233,Hambantota,6.1241,81.1185,78.46,82,100,11.54,LK,2022-10-12 23:18:35
234,Cherskiy,68.75,161.3,11.05,86,100,5.68,RU,2022-10-12 23:18:35
235,Wajima,37.4,136.9,59.68,77,20,6.91,JP,2022-10-12 23:18:35
236,Punta Alta,-38.8759,-62.0736,59.09,48,70,20.18,AR,2022-10-12 23:18:36
237,Dudinka,69.4058,86.1778,31.62,87,100,8.32,RU,2022-10-12 23:18:36
238,Hasaki,35.7333,140.8333,68.22,88,100,15.23,JP,2022-10-12 23:18:36
239,Gejiu,23.306,103.1635,50.76,94,100,3.4,CN,2022-10-12 23:18:37
240,Chapais,49.7834,-74.8492,51.58,85,100,14.76,CA,2022-10-12 23:18:37
241,Am Timan,11.0297,20.2827,74.41,80,8,4.79,TD,2022-10-12 23:18:37
242,Damara,4.9608,18.7035,71.08,97,95,2.17,CF,2022-10-12 23:18:38
243,Padang,-0.9492,100.3543,73.45,85,98,2.57,ID,2022-10-12 23:18:38
244,Kadiri,14.1167,78.1667,70.16,95,100,4.5,IN,2022-10-12 23:18:38
245,Buta,2.7858,24.73,68.68,99,92,2.04,CD,2022-10-12 23:18:39
246,Provideniya,64.3833,-173.3,32.11,64,0,4.47,RU,2022-10-12 23:18:39
247,Westerland,54.9079,8.3033,50.02,93,100,8.05,DE,2022-10-12 23:18:40
248,Yeniseysk,58.4497,92.1703,35.55,97,100,6.78,RU,2022-10-12 23:18:40
249,Nanakuli,21.3906,-158.1547,84.42,69,20,9.22,US,2022-10-12 23:18:40
250,Ballina,-28.8667,153.5667,66.24,69,38,8.88,AU,2022-10-12 23:18:41
251,Norman Wells,65.282,-126.8329,30.24,80,75,2.3,CA,2022-10-12 23:18:41
252,Fortuna,40.5982,-124.1573,59.92,80,0,13.8,US,2022-10-12 23:18:41
253,Alpena,45.0617,-83.4327,54.18,93,100,5.75,US,2022-10-12 23:18:42
254,Cockburn Town,21.4612,-71.1419,82.45,75,79,16.64,TC,2022-10-12 23:13:54
255,Twentynine Palms,34.1356,-116.0542,89.98,30,33,8.01,US,2022-10-12 23:15:28
256,Matara,5.9485,80.5353,77.04,86,100,8.66,LK,2022-10-12 23:18:42
257,Paamiut,61.994,-49.6678,24.73,52,11,9.48,GL,2022-10-12 23:18:43
258,Kamaishi,39.2667,141.8833,59.22,74,100,6.71,JP,2022-10-12 23:18:43
259,Novyy Urengoy,66.0833,76.6333,35.83,73,96,3.69,RU,2022-10-12 23:18:43
260,Wilmington,34.2257,-77.9447,71.91,79,0,3.44,US,2022-10-12 23:15:45
261,Santa Cruz,-17.8,-63.1667,68.05,83,75,5.75,BO,2022-10-12 23:18:44
262,Zhob,31.3411,69.4481,62.31,19,0,4.74,PK,2022-10-12 23:18:44
263,Souillac,-20.5167,57.5167,70.18,83,75,10.36,MU,2022-10-12 23:18:45
264,Sadri,25.1833,73.4333,74.59,33,0,4.99,IN,2022-10-12 23:18:45
265,Tommot,58.9564,126.2925,36.03,98,100,8.23,RU,2022-10-12 23:18:45
266,Avarua,-21.2078,-159.775,78.85,78,75,18.41,CK,2022-10-12 23:15:38
267,Tuatapere,-46.1333,167.6833,50.2,59,97,2.17,NZ,2022-10-12 23:18:46
268,Yar-Sale,66.8333,70.8333,37.83,84,89,7.58,RU,2022-10-12 23:18:46
269,Gizo,-8.103,156.8419,83.35,70,100,4.79,SB,2022-10-12 23:18:47
270,Praia,14.9215,-23.5087,79.34,83,20,6.91,CV,2022-10-12 23:18:47
271,Wonosobo,-7.36,109.9025,67.73,96,93,2.46,ID,2022-10-12 23:18:47
272,Mango,27.9797,-82.3065,82.22,88,0,0.0,US,2022-10-12 23:18:48
273,Laguna,38.421,-121.4238,90.09,39,0,9.22,US,2022-10-12 23:18:48
274,Lodja,-3.4833,23.4333,68.74,98,63,1.05,CD,2022-10-12 23:18:48
275,Jardim,-21.4803,-56.1381,66.9,98,100,3.15,BR,2022-10-12 23:18:49
276,Anlu,31.1661,112.5831,53.67,61,3,5.97,CN,2022-10-12 23:18:49
277,Sorland,67.667,12.6934,49.86,94,100,31.29,NO,2022-10-12 23:18:49
278,Ibipeba,-11.6408,-42.0111,73.76,47,2,6.89,BR,2022-10-12 23:18:50
279,Antofagasta,-23.65,-70.4,58.28,82,18,5.48,CL,2022-10-12 23:18:51
280,Coracao De Jesus,-16.6853,-44.365,78.19,33,18,8.19,BR,2022-10-12 23:18:52
281,Cozumel,20.5083,-86.9458,86.07,85,40,4.61,MX,2022-10-12 23:18:53
282,Lorengau,-2.0226,147.2712,83.43,66,78,4.12,PG,2022-10-12 23:18:53
283,Spirit River,55.7833,-118.8361,55.83,34,50,6.49,CA,2022-10-12 23:18:53
284,Mantua,45.1667,10.7833,60.04,81,100,1.99,IT,2022-10-12 23:18:54
285,Coihaique,-45.5752,-72.0662,39.81,52,75,3.44,CL,2022-10-12 23:18:54
286,Bushenyi,-0.5853,30.2114,60.1,92,99,1.88,UG,2022-10-12 23:18:54
287,Pevek,69.7008,170.3133,18.32,84,66,10.45,RU,2022-10-12 23:18:55
288,Hobyo,5.3505,48.5268,76.89,85,28,19.69,SO,2022-10-12 23:18:55
289,Waipawa,-41.4122,175.5153,45.99,90,100,8.84,NZ,2022-10-12 23:18:55
290,Aksarka,66.5606,67.7975,36.61,86,93,8.08,RU,2022-10-12 23:18:56
291,Lagoa,39.05,-27.9833,70.66,83,2,7.16,PT,2022-10-12 23:18:56
292,Tessalit,20.1986,1.0114,85.51,13,0,8.84,ML,2022-10-12 23:18:56
293,Valleyview,55.0667,-117.2859,55.44,44,28,10.36,CA,2022-10-12 23:18:57
294,Tiksi,71.6872,128.8694,19.69,87,100,8.34,RU,2022-10-12 23:18:57
295,Gumia,23.7833,85.8167,74.55,92,97,3.8,IN,2022-10-12 23:18:58
296,Rocha,-34.4833,-54.3333,59.63,68,1,11.32,UY,2022-10-12 23:18:27
297,Rondonopolis,-16.4708,-54.6356,80.01,56,61,3.65,BR,2022-10-12 23:17:46
298,Balkanabat,39.5108,54.3671,66.67,55,35,2.21,TM,2022-10-12 23:18:58
299,Lianyuan,27.6883,111.6642,55.06,49,9,2.84,CN,2022-10-12 23:18:59
300,Makuyuni,-4.7333,38.1,64.69,85,5,5.39,TZ,2022-10-12 23:18:59
301,Alberton,46.8168,-64.0654,55.31,66,62,9.19,CA,2022-10-12 23:18:59
302,Te Anau,-45.4167,167.7167,51.58,54,36,1.66,NZ,2022-10-12 23:19:00
303,Maldonado,-34.6667,-54.9167,65.59,64,14,11.65,UY,2022-10-12 23:19:00
304,Thompson,55.7435,-97.8558,35.76,93,100,16.11,CA,2022-10-12 23:15:52
305,Tabuk,17.4189,121.4443,73.24,93,99,1.77,PH,2022-10-12 23:19:01
306,Coquimbo,-29.9533,-71.3436,56.93,82,0,11.5,CL,2022-10-12 23:19:01
307,Ancud,-41.8697,-73.8203,44.94,59,41,12.3,CL,2022-10-12 23:19:01
308,San Cristobal,7.7669,-72.225,77.18,83,88,2.55,VE,2022-10-12 23:19:02
309,Henties Bay,-22.116,14.2845,58.53,91,80,8.79,NA,2022-10-12 23:19:02
310,Whyalla,-33.0333,137.5833,56.43,67,100,16.33,AU,2022-10-12 23:14:25
311,Sompeta,18.9333,84.6,77.86,88,99,1.74,IN,2022-10-12 23:19:02
312,Mollendo,-17.0231,-72.0147,60.69,79,67,5.35,PE,2022-10-12 23:19:03
313,Coahuayana,18.7333,-103.6833,84.29,79,100,4.09,MX,2022-10-12 23:19:03
314,Tilichiki,60.4667,166.1,28.04,54,100,13.06,RU,2022-10-12 23:14:14
315,Port Blair,11.6667,92.75,78.93,81,10,2.59,IN,2022-10-12 23:16:27
316,Kruisfontein,-34.0033,24.7314,62.89,96,100,1.48,ZA,2022-10-12 23:19:04
317,Talnakh,69.4865,88.3972,31.21,88,53,8.48,RU,2022-10-12 23:19:04
318,Chake Chake,-5.2459,39.7666,72.05,79,5,8.05,TZ,2022-10-12 23:19:05
319,Labrea,-7.2586,-64.7981,77.36,79,93,2.95,BR,2022-10-12 23:19:05
320,Bakchar,57.0186,82.0711,37.58,81,100,6.44,RU,2022-10-12 23:19:05
321,Cubuk,40.2386,33.0322,54.77,76,0,9.22,TR,2022-10-12 23:19:06
322,Imbituba,-28.24,-48.6703,64.22,93,100,5.5,BR,2022-10-12 23:19:06
323,Solok,-0.7918,100.6593,68.95,96,97,2.33,ID,2022-10-12 23:19:07
324,Nikolskoye,59.7035,30.7861,37.29,85,47,2.89,RU,2022-10-12 23:19:07
325,Ambovombe,-25.1667,46.0833,68.52,81,0,8.05,MG,2022-10-12 23:19:08
326,Nyurba,63.2842,118.3319,34.02,99,100,5.53,RU,2022-10-12 23:19:09
327,Dabola,10.75,-11.1167,71.76,91,100,2.15,GN,2022-10-12 23:19:09
328,Viedma,-40.8135,-62.9967,52.83,41,96,17.94,AR,2022-10-12 23:19:10
329,Los Llanos De Aridane,28.6585,-17.9182,69.55,86,40,14.97,ES,2022-10-12 23:19:10
330,Winchester,51.0651,-1.3187,58.53,96,100,5.75,GB,2022-10-12 23:19:10
331,Frederikshavn,57.4407,10.5366,49.53,86,100,13.15,DK,2022-10-12 23:19:11
332,Brae,60.3964,-1.353,48.04,70,42,12.59,GB,2022-10-12 23:19:11
333,Sola,-13.8833,167.55,80.87,74,54,12.48,VU,2022-10-12 23:19:12
334,Parana,-31.732,-60.5238,73.54,34,0,10.11,AR,2022-10-12 23:19:12
335,Iwanai,42.9744,140.5089,51.3,66,0,4.18,JP,2022-10-12 23:19:12
336,College,64.8569,-147.8028,29.07,80,75,8.05,US,2022-10-12 23:19:13
337,Erenhot,43.6475,111.9767,43.09,38,0,7.36,CN,2022-10-12 23:19:13
338,Nhulunbuy,-12.2333,136.7667,88.41,66,40,10.36,AU,2022-10-12 23:19:13
339,Tamandare,-8.7597,-35.1047,74.98,85,67,10.11,BR,2022-10-12 23:19:14
340,Talcahuano,-36.7167,-73.1167,55.08,67,20,18.41,CL,2022-10-12 23:19:14
341,Agadir,30.4202,-9.5982,64.85,73,0,4.7,MA,2022-10-12 23:19:14
342,Nouadhibou,20.931,-17.0347,75.18,64,0,21.85,MR,2022-10-12 23:19:15
343,Olafsvik,64.8945,-23.7142,38.07,92,92,1.92,IS,2022-10-12 23:19:15
344,Marrakesh,31.6315,-8.0083,60.87,88,75,5.75,MA,2022-10-12 23:15:11
345,Gewane,10.1664,40.6453,85.73,35,40,3.98,ET,2022-10-12 23:19:16
346,Nizhniy Baskunchak,48.2198,46.8311,51.71,79,88,15.23,RU,2022-10-12 23:19:16
347,Castro,-24.7911,-50.0119,60.58,98,96,3.69,BR,2022-10-12 23:19:16
348,Preobrazheniye,42.9019,133.9064,51.93,66,59,5.46,RU,2022-10-12 23:19:17
349,Narsaq,60.9167,-46.05,26.82,70,4,7.76,GL,2022-10-12 23:19:17
350,Cotonou,6.3654,2.4183,78.37,86,15,7.47,BJ,2022-10-12 23:19:17
351,Alyangula,-13.8483,136.4192,83.86,72,37,10.0,AU,2022-10-12 23:19:18
352,Inhambane,-23.865,35.3833,71.19,90,15,6.11,MZ,2022-10-12 23:19:18
353,Boa Esperanca,-21.09,-45.5658,75.88,36,54,2.39,BR,2022-10-12 23:19:19
354,Egvekinot,66.3167,-179.1667,16.72,69,20,2.17,RU,2022-10-12 23:19:19
355,Velyka Pysarivka,50.4259,35.485,44.89,89,23,5.59,UA,2022-10-12 23:19:19
356,Mersing,2.4312,103.8405,75.11,94,40,3.44,MY,2022-10-12 23:19:20
357,Tete,-16.1564,33.5867,84.29,54,20,0.0,MZ,2022-10-12 23:19:20
358,Ustye,59.6304,39.736,42.42,81,100,4.97,RU,2022-10-12 23:19:21
359,Kolomak,49.8399,35.3044,43.81,92,15,6.15,UA,2022-10-12 23:19:21
360,Chicama,-7.8447,-79.1469,59.54,75,6,9.42,PE,2022-10-12 23:19:21
361,Sitka,57.0531,-135.33,55.29,94,100,13.8,US,2022-10-12 23:19:22
362,Auki,-8.7676,160.7034,85.23,64,100,1.34,SB,2022-10-12 23:19:22
363,Aitape,-3.1374,142.3475,76.98,90,100,4.32,PG,2022-10-12 23:19:22
364,Adrar,20.5022,-10.0711,87.55,28,92,15.86,MR,2022-10-12 23:19:23
365,Port Lincoln,-34.7333,135.8667,57.22,71,33,18.34,AU,2022-10-12 23:19:23
366,Canto Do Buriti,-8.11,-42.9444,82.35,30,9,4.61,BR,2022-10-12 23:17:50
367,Havre-Saint-Pierre,50.2334,-63.5986,41.0,100,0,5.75,CA,2022-10-12 23:19:24
368,Korla,41.7597,86.1469,47.03,51,0,3.42,CN,2022-10-12 23:19:24
369,Acarau,-2.8856,-40.12,79.29,79,38,17.11,BR,2022-10-12 23:19:24
370,Senador Jose Porfirio,-2.5908,-51.9542,80.26,73,71,2.37,BR,2022-10-12 23:19:26
371,Port Hedland,-20.3167,118.5667,73.45,27,5,23.02,AU,2022-10-12 23:19:26
372,Makakilo City,21.3469,-158.0858,82.98,72,20,9.22,US,2022-10-12 23:19:26
373,Porto Nacional,-10.7081,-48.4172,87.8,23,72,2.89,BR,2022-10-12 23:19:27
374,Sarakhs,36.5449,61.1577,60.31,18,2,0.74,IR,2022-10-12 23:19:27
375,Vestmannaeyjar,63.4427,-20.2734,41.9,92,97,22.97,IS,2022-10-12 23:19:27
376,Zandvoort,52.3749,4.5341,54.99,85,40,4.61,NL,2022-10-12 23:19:28
377,Dharchula,29.85,80.5333,56.32,67,0,6.96,IN,2022-10-12 23:19:28
378,Wiwili,13.6268,-85.8254,77.07,91,91,3.44,NI,2022-10-12 23:19:29
379,Gat,31.61,34.7642,72.28,71,9,4.0,IL,2022-10-12 23:19:29
380,Nishihara,26.1842,127.7558,78.85,84,75,14.97,JP,2022-10-12 23:19:29
381,Tanete,-3.9443,119.7848,76.51,88,86,0.76,ID,2022-10-12 23:19:30
382,Cayenne,4.9333,-52.3333,75.24,94,20,1.14,GF,2022-10-12 23:14:42
383,Nipawin,53.3668,-104.0009,37.44,52,75,23.02,CA,2022-10-12 23:19:30
384,Ubstadt-Weiher,49.1708,8.6189,53.38,91,75,2.04,DE,2022-10-12 23:19:31
385,Nea Apollonia,40.6333,23.45,64.8,74,34,2.51,GR,2022-10-12 23:19:31
386,Bakel,14.905,-12.4568,88.27,51,43,8.12,SN,2022-10-12 23:19:31
387,Tual,-5.6667,132.75,83.64,73,81,11.92,ID,2022-10-12 23:19:32
388,Huntingdon,52.3305,-0.1865,56.46,88,100,1.99,GB,2022-10-12 23:15:59
389,Bitung,1.4451,125.1824,83.25,78,100,5.26,ID,2022-10-12 23:19:32
390,Kampot,10.6167,104.1833,77.05,89,91,4.59,KH,2022-10-12 23:19:32
391,Bella Vista,36.4295,-94.2316,73.92,30,0,11.01,US,2022-10-12 23:19:33
392,Shar,49.5886,81.0453,42.19,46,42,3.85,KZ,2022-10-12 23:19:33
393,Kidal,18.4411,1.4078,86.09,15,5,7.38,ML,2022-10-12 23:19:33
394,Zaraza,9.3503,-65.3245,75.16,92,87,4.36,VE,2022-10-12 23:19:34
395,Samarai,-10.6167,150.6667,81.93,76,96,8.21,PG,2022-10-12 23:19:34
396,Cabedelo,-6.9811,-34.8339,79.47,79,60,16.15,BR,2022-10-12 23:19:34
397,Bethel,41.3712,-73.414,62.02,75,86,7.4,US,2022-10-12 23:15:24
398,Zhumadian,32.9794,114.0294,52.88,71,29,3.24,CN,2022-10-12 23:19:35
399,Pa Sang,18.5262,98.9394,73.85,97,21,1.25,TH,2022-10-12 23:19:35
400,Vila Velha,-20.3297,-40.2925,76.95,78,0,12.66,BR,2022-10-12 23:17:46
401,Nyazepetrovsk,56.0531,59.6028,43.25,69,100,4.0,RU,2022-10-12 23:19:36
402,Belfast,54.5833,-5.9333,46.38,92,79,4.61,GB,2022-10-12 23:17:31
403,Rostock,54.0887,12.1405,44.96,92,27,8.88,DE,2022-10-12 23:15:43
404,Husavik,66.0449,-17.3389,39.63,76,100,8.05,IS,2022-10-12 23:19:36
405,Omsukchan,62.5333,155.8,13.35,75,100,1.1,RU,2022-10-12 23:19:36
406,Englehart,47.8169,-79.8664,59.02,88,100,16.11,CA,2022-10-12 23:19:37
407,Gimli,50.6336,-96.9907,41.02,60,100,10.36,CA,2022-10-12 23:19:37
408,Bukama,-9.2,25.85,75.31,44,5,1.92,CD,2022-10-12 23:19:38
409,Mackay,-21.15,149.2,76.68,61,87,14.03,AU,2022-10-12 23:19:17
410,Bambanglipuro,-7.95,110.2833,77.16,86,88,7.99,ID,2022-10-12 23:19:38
411,Golden,39.7555,-105.2211,66.02,39,0,11.5,US,2022-10-12 23:19:38
412,Fastovetskaya,45.9189,40.1589,49.91,64,25,3.44,RU,2022-10-12 23:19:39
413,Maragogi,-9.0122,-35.2225,75.56,84,89,10.87,BR,2022-10-12 23:19:39
414,Bagdarin,54.4333,113.6,30.9,85,100,3.04,RU,2022-10-12 23:19:39
415,Yaan,7.3833,8.5667,73.18,92,48,4.16,NG,2022-10-12 23:19:40
416,Southampton,50.904,-1.4043,59.34,95,100,1.01,GB,2022-10-12 23:19:40
417,Molinella,44.6213,11.6686,64.18,76,100,2.35,IT,2022-10-12 23:19:42
418,Sonoita,31.85,-112.8333,89.51,24,1,4.74,MX,2022-10-12 23:19:42
419,Namatanai,-3.6667,152.4333,83.98,67,89,4.63,PG,2022-10-12 23:19:42
420,Vanimo,-2.6741,141.3028,76.01,94,100,4.56,PG,2022-10-12 23:19:43
421,Mitsamiouli,-11.3847,43.2844,74.64,73,0,2.17,KM,2022-10-12 23:19:43
422,Mozarlandia,-14.7447,-50.5706,88.88,22,54,1.88,BR,2022-10-12 23:19:43
423,Brokopondo,4.75,-55.1667,76.41,89,54,8.59,SR,2022-10-12 23:19:44
424,Indramayu,-6.3264,108.32,79.39,74,97,5.12,ID,2022-10-12 23:19:44
425,Macapa,0.0389,-51.0664,84.18,74,40,8.05,BR,2022-10-12 23:19:44
426,Palmer,42.1584,-72.3287,61.97,59,75,11.5,US,2022-10-12 23:19:45
427,Bonavista,48.6499,-53.1147,48.16,76,48,10.45,CA,2022-10-12 23:19:45
428,Ponta Delgada,37.7333,-25.6667,70.52,73,75,4.61,PT,2022-10-12 23:16:27
429,Mahenge,-8.6833,36.7167,59.18,84,10,3.24,TZ,2022-10-12 23:19:46
430,Manokwari,-0.8667,134.0833,82.49,70,99,4.85,ID,2022-10-12 23:19:46
431,Coffs Harbour,-30.3,153.1333,67.96,64,100,3.44,AU,2022-10-12 23:19:46
432,Dourbali,11.8091,15.8632,81.64,65,12,5.08,TD,2022-10-12 23:19:47
433,Mabaruma,8.2,-59.7833,75.04,88,100,3.85,GY,2022-10-12 23:19:47
434,Cap Malheureux,-19.9842,57.6142,71.47,67,1,5.99,MU,2022-10-12 23:19:47
435,Tautira,-17.7333,-149.15,76.62,81,48,12.8,PF,2022-10-12 23:19:48
436,Lasa,46.6166,10.7002,56.28,91,26,1.7,IT,2022-10-12 23:19:48
437,Tarko-Sale,64.9225,77.785,36.7,77,100,7.27,RU,2022-10-12 23:19:48
438,Tigil,57.8,158.6667,39.06,73,100,3.96,RU,2022-10-12 23:19:49
439,Bloomfield,40.8068,-74.1854,64.65,71,0,10.36,US,2022-10-12 23:19:02
440,Portland,45.5234,-122.6762,83.95,43,0,6.91,US,2022-10-12 23:19:12
441,Sao Jose Da Coroa Grande,-8.8978,-35.1478,75.4,84,76,11.1,BR,2022-10-12 23:19:49
442,Betioky,-23.7167,44.3833,68.54,92,60,3.8,MG,2022-10-12 23:19:50
443,Great Yarmouth,52.6083,1.7305,56.44,74,100,10.51,GB,2022-10-12 23:19:50
444,Ambilobe,-13.2,49.05,65.89,81,2,4.25,MG,2022-10-12 23:19:50
445,Port-Gentil,-0.7193,8.7815,78.76,89,40,6.91,GA,2022-10-12 23:19:51
446,Sayat,38.7839,63.8803,57.07,13,2,1.81,TM,2022-10-12 23:19:51
447,Aksha,50.2814,113.2867,32.77,66,16,2.71,RU,2022-10-12 23:19:51
448,Katangli,51.7102,143.2326,40.41,78,52,13.71,RU,2022-10-12 23:19:52
449,Jalu,29.0331,21.5482,75.63,35,0,5.68,LY,2022-10-12 23:19:52
450,Vao,-22.6667,167.4833,71.15,71,40,18.95,NC,2022-10-12 23:19:52
451,Zvishavane,-20.3267,30.0665,66.83,24,0,2.51,ZW,2022-10-12 23:19:53
452,Edd,13.9297,41.6925,86.38,62,0,7.56,ER,2022-10-12 23:16:14
453,Tikapur,28.5,81.1333,68.09,89,0,3.6,NP,2022-10-12 23:19:53
454,Katsuura,35.1333,140.3,67.08,92,100,17.45,JP,2022-10-12 23:17:58
455,Zurrieq,35.8311,14.4742,72.97,80,18,12.5,MT,2022-10-12 23:19:53
456,Shulan,44.4167,126.95,51.1,62,99,12.19,CN,2022-10-12 23:19:54
457,Toora-Khem,52.4675,96.11,39.88,65,100,7.61,RU,2022-10-12 23:19:54
458,Namibe,-15.1961,12.1522,68.4,89,53,5.44,AO,2022-10-12 23:19:54
459,Ngerengere,-6.75,38.1167,65.77,95,2,0.63,TZ,2022-10-12 23:19:55
460,Palu,-0.8917,119.8707,77.52,87,95,2.15,ID,2022-10-12 23:19:55
461,Udachnyy,66.4167,112.4,32.45,92,100,4.32,RU,2022-10-12 23:19:56
462,Port Augusta,-32.5,137.7667,54.28,79,100,7.67,AU,2022-10-12 23:19:56
463,Evensk,61.95,159.2333,26.56,56,74,12.35,RU,2022-10-12 23:19:56
464,Elko,41.0002,-115.5012,77.02,18,0,4.0,US,2022-10-12 23:19:58
465,Comodoro Rivadavia,-45.8667,-67.5,51.66,20,40,28.77,AR,2022-10-12 23:17:19
466,Oakdale,44.963,-92.9649,47.52,75,75,19.57,US,2022-10-12 23:19:05
467,Storslett,69.7678,21.0247,39.2,75,20,6.91,NO,2022-10-12 23:19:58
468,Altamont,42.2068,-121.7372,78.98,23,0,1.99,US,2022-10-12 23:17:26
469,Mackenzie,55.2999,-123.1698,57.67,45,30,4.81,CA,2022-10-12 23:15:12
470,Usevya,-7.1,31.2333,71.44,27,2,7.09,TZ,2022-10-12 23:19:59
471,Aksu,41.1231,80.2644,49.12,38,0,4.12,CN,2022-10-12 23:19:59
472,Harper,4.375,-7.7169,77.18,82,97,7.4,LR,2022-10-12 23:20:00
473,Puerto Narino,-3.7703,-70.3831,75.58,89,100,1.74,CO,2022-10-12 23:20:00
474,Kasama,-10.2129,31.1808,62.8,42,3,5.64,ZM,2022-10-12 23:20:00
475,Mujiayingzi,42.1167,118.7833,49.3,44,97,6.62,CN,2022-10-12 23:20:01
476,Taltal,-25.4,-70.4833,57.65,79,45,3.38,CL,2022-10-12 23:20:01
477,Mutis,6.2262,-77.4044,78.69,87,100,6.69,CO,2022-10-12 23:20:02
478,Teknaf,20.8624,92.3058,76.46,91,36,3.18,BD,2022-10-12 23:20:02
479,Andilamena,-17.0167,48.5833,58.89,83,53,7.7,MG,2022-10-12 23:20:03
480,La Ronge,55.1001,-105.2842,34.05,55,75,24.16,CA,2022-10-12 23:20:03
481,Marsala,37.7966,12.4352,70.9,77,20,3.44,IT,2022-10-12 23:20:03
482,Kaeo,-35.1,173.7833,60.69,66,100,7.52,NZ,2022-10-12 23:20:04
483,Half Moon Bay,37.4636,-122.4286,78.58,76,100,19.57,US,2022-10-12 23:16:34
484,Luwuk,-0.9516,122.7875,79.38,82,79,2.71,ID,2022-10-12 23:20:04
485,Kisanga,-7.4362,37.7034,69.13,84,1,3.67,TZ,2022-10-12 23:20:05
486,Astoria,46.1879,-123.8313,78.71,55,0,5.75,US,2022-10-12 23:15:51
487,Les Cayes,18.2,-73.75,80.85,77,89,5.46,HT,2022-10-12 23:20:05
488,Kawalu,-7.3817,108.2082,71.91,97,92,1.21,ID,2022-10-12 23:20:06
489,Chatra,24.2167,84.8667,70.93,95,92,1.74,IN,2022-10-12 23:20:06
490,Agadez,19.75,10.25,81.52,16,0,8.61,NE,2022-10-12 23:20:06
491,Isangel,-19.55,169.2667,70.54,88,100,4.03,VU,2022-10-12 23:20:07
492,Puerto Del Rosario,28.5004,-13.8627,71.35,78,0,10.36,ES,2022-10-12 23:20:07
493,Vilhena,-12.7406,-60.1458,75.42,88,75,13.8,BR,2022-10-12 23:20:07
494,Nanortalik,60.1432,-45.2371,29.41,63,12,15.19,GL,2022-10-12 23:20:08
495,Menongue,-14.6585,17.691,67.3,30,92,4.9,AO,2022-10-12 23:20:08
496,Sao Gabriel Da Cachoeira,-0.1303,-67.0892,75.92,92,90,2.62,BR,2022-10-12 23:20:08
497,La Asuncion,11.0333,-63.8628,79.86,82,71,14.27,VE,2022-10-12 23:18:21
498,Kondopoga,62.2057,34.2614,40.69,77,100,4.81,RU,2022-10-12 23:20:09
499,Sao Felix Do Xingu,-6.6447,-51.995,74.98,77,64,2.86,BR,2022-10-12 23:20:10
500,Elk Point,42.6833,-96.6836,58.89,18,82,17.96,US,2022-10-12 23:20:10
501,Chateaubelair,13.2833,-61.25,79.0,82,100,9.8,VC,2022-10-12 23:20:11
502,Shache,38.4167,77.2406,51.82,22,0,4.88,CN,2022-10-12 23:20:11
503,Jucurutu,-6.0339,-37.0203,84.42,47,20,21.94,BR,2022-10-12 23:20:12
504,Isla Vista,34.4133,-119.861,81.0,77,75,3.44,US,2022-10-12 23:20:12
505,Sinnamary,5.3833,-52.95,79.3,84,93,7.18,GF,2022-10-12 23:20:12
506,Imeni Poliny Osipenko,52.4201,136.4853,37.13,84,97,10.56,RU,2022-10-12 23:20:13
507,Canoinhas,-26.1772,-50.39,61.63,98,92,1.48,BR,2022-10-12 23:20:13
508,Were Ilu,10.6,39.4333,52.63,83,93,3.96,ET,2022-10-12 23:16:16
509,Oksfjord,70.2396,22.3479,41.18,96,96,7.07,NO,2022-10-12 23:20:14
510,Guryevsk,54.2833,85.9333,34.3,93,7,2.93,RU,2022-10-12 23:20:15
511,Urumqi,43.801,87.6005,38.35,52,0,4.47,CN,2022-10-12 23:20:01
512,Chanute,37.6792,-95.4572,75.31,22,0,9.22,US,2022-10-12 23:19:31
513,Kiunga,-6.1219,141.2906,74.46,99,100,0.78,PG,2022-10-12 23:20:15
514,Caiaponia,-16.9567,-51.8103,75.94,53,90,6.22,BR,2022-10-12 23:20:16
515,Bac Lieu,9.285,105.7244,74.66,91,100,10.18,VN,2022-10-12 23:20:16
516,Lata,40.1629,-8.3327,62.08,94,15,0.49,PT,2022-10-12 23:20:17
517,Altamira,-3.2033,-52.2064,81.48,64,81,1.14,BR,2022-10-12 23:20:17
518,Kalmunai,7.4167,81.8167,77.97,86,68,7.09,LK,2022-10-12 23:20:18
519,Huarmey,-10.0681,-78.1522,63.43,81,2,11.16,PE,2022-10-12 23:20:18
520,Saint-Pierre,-21.3393,55.4781,73.56,64,0,6.91,RE,2022-10-12 23:20:18
521,Abalak,58.1286,68.5944,36.52,94,48,5.32,RU,2022-10-12 23:20:19
522,Bubaque,11.2833,-15.8333,81.32,79,100,19.08,GW,2022-10-12 23:20:19
523,Pullman,46.7313,-117.1796,73.85,34,0,4.61,US,2022-10-12 23:17:32
524,Tevaitoa,-16.7833,-151.5,78.28,77,14,15.93,PF,2022-10-12 23:20:20
525,Kintampo,8.0563,-1.7306,72.95,88,54,3.0,GH,2022-10-12 23:20:20
526,Badvel,14.75,79.05,75.72,94,100,4.25,IN,2022-10-12 23:20:20
527,Iqaluit,63.7506,-68.5145,22.73,86,75,5.75,CA,2022-10-12 23:20:21
528,Porbandar,21.6422,69.6093,82.0,65,49,6.29,IN,2022-10-12 23:20:21
529,Srivardhan,18.0333,73.0167,78.19,85,94,3.31,IN,2022-10-12 23:20:21
530,Almeirim,-1.5233,-52.5817,81.16,67,63,2.82,BR,2022-10-12 23:20:22
531,Lukulu,-14.3707,23.242,71.85,29,73,4.32,ZM,2022-10-12 23:20:22
532,Fort Nelson,58.8053,-122.7002,47.79,46,75,5.75,CA,2022-10-12 23:20:10
533,Yerbogachen,61.2767,108.0108,32.67,93,100,8.14,RU,2022-10-12 23:20:23
534,Malino,15.1257,120.6727,80.02,78,75,2.3,PH,2022-10-12 23:20:23
535,Tombouctou,20.0,-3.0,88.32,11,9,8.46,ML,2022-10-12 23:20:23
536,Poronaysk,49.2167,143.1167,44.74,69,10,5.35,RU,2022-10-12 23:20:24
537,Rumphi,-11.0186,33.8575,63.39,50,0,5.48,MW,2022-10-12 23:20:24
538,Port Moresby,-9.4431,147.1797,83.62,70,20,3.44,PG,2022-10-12 23:20:24
539,Baturaja,-4.1333,104.1667,72.75,94,91,2.26,ID,2022-10-12 23:20:25
540,Tubuala,9.5167,-79.0333,77.9,89,99,6.8,PA,2022-10-12 23:20:25
541,Bogorodskoye,56.55,37.8833,40.39,81,83,4.61,RU,2022-10-12 23:20:25
542,Sisimiut,66.9395,-53.6735,25.72,83,92,11.27,GL,2022-10-12 23:20:26
543,Mitu,1.1983,-70.1733,78.37,77,100,2.08,CO,2022-10-12 23:20:26
544,Christchurch,-43.5333,172.6333,55.6,58,75,9.22,NZ,2022-10-12 23:15:51
545,Villanueva De Cordoba,38.3228,-4.6287,60.64,56,25,5.01,ES,2022-10-12 23:20:27
546,Kamenka,51.3223,42.7678,40.86,85,58,7.54,RU,2022-10-12 23:20:27
547,Morondava,-20.2833,44.2833,74.28,87,53,3.74,MG,2022-10-12 23:20:27
548,Porto-Vecchio,41.591,9.2795,62.13,94,100,10.36,FR,2022-10-12 23:20:28
549,Chandbali,20.7833,86.7667,76.28,91,86,5.01,IN,2022-10-12 23:20:28
550,Smithers,54.7804,-127.1743,55.72,50,75,5.75,CA,2022-10-12 23:20:28
551,San Vicente,-26.6167,-54.1333,56.55,91,94,2.08,AR,2022-10-12 23:20:29
552,Srednekolymsk,67.45,153.6833,13.05,90,100,4.47,RU,2022-10-12 23:20:29
553,Boende,-0.2167,20.8667,70.18,94,91,2.59,CD,2022-10-12 23:20:29
554,Gazanjyk,39.2446,55.5154,62.15,57,2,4.63,TM,2022-10-12 23:20:30
555,Sale,34.0389,-6.8166,68.76,100,40,4.61,MA,2022-10-12 23:19:17
556,Pincher Creek,49.4833,-113.952,64.56,39,0,10.36,CA,2022-10-12 23:20:31
557,Vagur,61.4732,-6.8119,48.76,74,100,21.56,FO,2022-10-12 23:20:31
558,Ixtapa,20.7,-105.2,86.23,70,75,9.22,MX,2022-10-12 23:20:32
559,North Bend,43.4065,-124.2243,80.24,79,0,8.05,US,2022-10-12 23:15:51
560,Petropavlovsk-Kamchatskiy,53.0452,158.6483,52.39,54,20,17.9,RU,2022-10-12 23:20:32
561,Shenjiamen,29.9576,122.298,67.73,69,66,14.38,CN,2022-10-12 23:20:33
562,Sao Joao Da Barra,-21.6403,-41.0511,75.29,84,17,17.94,BR,2022-10-12 23:20:33
563,Sampit,-2.5333,112.95,73.69,99,100,2.13,ID,2022-10-12 23:20:33
564,Verkhnevilyuysk,63.4453,120.3167,32.9,99,100,4.16,RU,2022-10-12 23:20:34
565,Black River,18.0264,-77.8487,81.19,77,93,2.35,JM,2022-10-12 23:20:34
566,Mount Gambier,-37.8333,140.7667,52.93,84,100,6.6,AU,2022-10-12 23:16:15
567,Tessaoua,13.7574,7.9874,86.7,25,5,6.91,NE,2022-10-12 23:20:34
568,Nowy Dwor Gdanski,54.2131,19.1177,47.68,68,98,6.53,PL,2022-10-12 23:20:35
569,Floresta,-8.6011,-38.5686,79.45,49,25,22.7,BR,2022-10-12 23:20:35
570,Rockland,41.1668,-74.0496,63.45,74,100,7.83,US,2022-10-12 23:17:00
